unitid,name,city,state,control,Institutional Classification,Student Access and Earnings Classification,Research Activity Designation,Award Level Focus,Academic Mix,Graduate Academic Program Mix,Size,Campus Setting,Highest Degree Awarded,Community Engagement,Leadership for Public Purpose
131159,American University,Washington,District of Columbia,Private not-for-profit,Mixed Undergraduate/Graduate-Doctorate Medium,"Lower Access, Higher Earnings",Research 1: Very High Research Spending and Doctorate Production,Undergraduate/Graduate-Doctorate,Mixed,Professions-focused,Medium,Highly residential,Doctorate,Not Classified,Not Classified
104151,Arizona State University Campus Immersion,Tempe,Arizona,Public,Mixed Undergraduate/Graduate-Doctorate Large,"Opportunity Colleges and Universities-Higher Access, Higher Earnings",Research 1: Very High Research Spending and Doctorate Production,Undergraduate/Graduate-Doctorate,Mixed,Professions-focused,Very Large,Residential,Doctorate,Classified,Classified
100858,Auburn University,Auburn,Alabama,Public,Professions-focused Undergraduate/Graduate-Doctorate Large,"Lower Access, Higher Earnings",Research 1: Very High Research Spending and Doctorate Production,Undergraduate/Graduate-Doctorate,Professions-focused,Professions-focused,Large,Residential,Doctorate,Classified,Not Classified
223223,Baylor College of Medicine,Houston,Texas,Private not-for-profit,Special Focus: Medical Schools and Centers,Not Classified,Research 1: Very High Research Spending and Doctorate Production,Graduate-focused,Special Focus: Medical Schools and Centers,Special Focus: Medical Schools and Centers,Small,Graduate-focused,Doctorate,Not Classified,Not Classified
223232,Baylor University,Waco,Texas,Private not-for-profit,Professions-focused Undergraduate/Graduate-Doctorate Large,"Lower Access, Higher Earnings",Research 1: Very High Research Spending and Doctorate Production,Undergraduate/Graduate-Doctorate,Professions-focused,Professions-focused,Large,Primarily residential,Doctorate,Not Classified,Not Classified
196079,Binghamton University,Vestal,New York,Public,Mixed Undergraduate/Graduate-Doctorate Large,"Lower Access, Higher Earnings",Research 1: Very High Research Spending and Doctorate Production,Undergraduate/Graduate-Doctorate,Mixed,Professions-focused,Large,Primarily residential,Doctorate,Classified,Not Classified
164924,Boston College,Chestnut Hill,Massachusetts,Private not-for-profit,Mixed Undergraduate/Graduate-Doctorate Medium,"Lower Access, Higher Earnings",Research 1: Very High Research Spending and Doctorate Production,Undergraduate/Graduate-Doctorate,Mixed,Professions-focused,Medium,Highly residential,Doctorate,Not Classified,Not Classified
164988,Boston University,Boston,Massachusetts,Private not-for-profit,Mixed Undergraduate/Graduate-Doctorate Large,"Lower Access, Higher Earnings",Research 1: Very High Research Spending and Doctorate Production,Undergraduate/Graduate-Doctorate,Mixed,Professions-focused,Very Large,Highly residential,Doctorate,Not Classified,Not Classified
165015,Brandeis University,Waltham,Massachusetts,Private not-for-profit,Mixed Undergraduate/Graduate-Doctorate Medium,"Lower Access, Higher Earnings",Research 1: Very High Research Spending and Doctorate Production,Undergraduate/Graduate-Doctorate,Mixed,Mixed,Medium,Highly residential,Doctorate,Not Classified,Not Classified
230038,Brigham Young University,Provo,Utah,Private not-for-profit,Mixed Undergraduate/Graduate-Doctorate Large,"Lower Access, Higher Earnings",Research 1: Very High Research Spending and Doctorate Production,Undergraduate/Graduate-Doctorate,Mixed,Professions-focused,Very Large,Residential,Doctorate,Not Classified,Not Classified
217156,Brown University,Providence,Rhode Island,Private not-for-profit,Mixed Undergraduate/Graduate-Doctorate Medium,"Lower Access, Higher Earnings",Research 1: Very High Research Spending and Doctorate Production,Undergraduate/Graduate-Doctorate,Mixed,Mixed,Medium,Highly residential,Doctorate,Classified,Not Classified
110404,California Institute of Technology,Pasadena,California,Private not-for-profit,"Special Focus: Technology, Engineering, and Sciences","Lower Access, Higher Earnings",Research 1: Very High Research Spending and Doctorate Production,Undergraduate/Graduate-Doctorate,"Special Focus: Technology, Engineering, and Sciences","Special Focus: Technology, Engineering, and Sciences",Small,Highly residential,Doctorate,Not Classified,Not Classified
211440,Carnegie Mellon University,Pittsburgh,Pennsylvania,Private not-for-profit,"Special Focus: Technology, Engineering, and Sciences","Lower Access, Higher Earnings",Research 1: Very High Research Spending and Doctorate Production,Undergraduate/Graduate-Doctorate,"Special Focus: Technology, Engineering, and Sciences","Special Focus: Technology, Engineering, and Sciences",Medium,Highly residential,Doctorate,Not Classified,Not Classified
201645,Case Western Reserve University,Cleveland,Ohio,Private not-for-profit,Mixed Undergraduate/Graduate-Doctorate Medium,"Lower Access, Higher Earnings",Research 1: Very High Research Spending and Doctorate Production,Undergraduate/Graduate-Doctorate,Mixed,Professions-focused,Medium,Highly residential,Doctorate,Not Classified,Not Classified
217882,Clemson University,Clemson,South Carolina,Public,Mixed Undergraduate/Graduate-Doctorate Large,"Lower Access, Higher Earnings",Research 1: Very High Research Spending and Doctorate Production,Undergraduate/Graduate-Doctorate,Mixed,Professions-focused,Large,Primarily residential,Doctorate,Classified,Not Classified
126775,Colorado School of Mines,Golden,Colorado,Public,"Special Focus: Technology, Engineering, and Sciences","Lower Access, Higher Earnings",Research 1: Very High Research Spending and Doctorate Production,Undergraduate/Graduate-Doctorate,"Special Focus: Technology, Engineering, and Sciences","Special Focus: Technology, Engineering, and Sciences",Medium,Primarily residential,Doctorate,Not Classified,Not Classified
126818,Colorado State University-Fort Collins,Fort Collins,Colorado,Public,Mixed Undergraduate/Graduate-Doctorate Large,"Lower Access, Medium Earnings",Research 1: Very High Research Spending and Doctorate Production,Undergraduate/Graduate-Doctorate,Mixed,Professions-focused,Large,Primarily residential,Doctorate,Classified,Not Classified
190150,Columbia University in the City of New York,New York,New York,Private not-for-profit,Mixed Undergraduate/Graduate-Doctorate Large,"Lower Access, Higher Earnings",Research 1: Very High Research Spending and Doctorate Production,Undergraduate/Graduate-Doctorate,Mixed,Professions-focused,Large,Highly residential,Doctorate,Not Classified,Not Classified
190415,Cornell University,Ithaca,New York,Private not-for-profit,Mixed Undergraduate/Graduate-Doctorate Large,"Lower Access, Higher Earnings",Research 1: Very High Research Spending and Doctorate Production,Undergraduate/Graduate-Doctorate,Mixed,Professions-focused,Large,Highly residential,Doctorate,Classified,Not Classified
190576,CUNY Graduate School and University Center,New York,New York,Public,Professions-focused Undergraduate/Graduate-Doctorate Medium,Not Classified,Research 1: Very High Research Spending and Doctorate Production,Undergraduate/Graduate-Doctorate,Professions-focused,Mixed,Medium,Primarily online,Doctorate,Not Classified,Not Classified
182670,Dartmouth College,Hanover,New Hampshire,Private not-for-profit,Mixed Undergraduate/Graduate-Doctorate Medium,"Lower Access, Higher Earnings",Research 1: Very High Research Spending and Doctorate Production,Undergraduate/Graduate-Doctorate,Mixed,Professions-focused,Medium,Highly residential,Doctorate,Not Classified,Not Classified
212054,Drexel University,Philadelphia,Pennsylvania,Private not-for-profit,Professions-focused Undergraduate/Graduate-Doctorate Large,"Lower Access, Higher Earnings",Research 1: Very High Research Spending and Doctorate Production,Undergraduate/Graduate-Doctorate,Professions-focused,Professions-focused,Large,Residential,Doctorate,Classified,Not Classified
198419,Duke University,Durham,North Carolina,Private not-for-profit,Mixed Undergraduate/Graduate-Doctorate Medium,"Lower Access, Higher Earnings",Research 1: Very High Research Spending and Doctorate Production,Undergraduate/Graduate-Doctorate,Mixed,Professions-focused,Medium,Highly residential,Doctorate,Classified,Not Classified
198464,East Carolina University,Greenville,North Carolina,Public,Professions-focused Undergraduate/Graduate-Doctorate Large,"Lower Access, Higher Earnings",Research 1: Very High Research Spending and Doctorate Production,Undergraduate/Graduate-Doctorate,Professions-focused,Professions-focused,Large,Residential,Doctorate,Classified,Classified
139658,Emory University,Atlanta,Georgia,Private not-for-profit,Mixed Undergraduate/Graduate-Doctorate Medium,"Lower Access, Higher Earnings",Research 1: Very High Research Spending and Doctorate Production,Undergraduate/Graduate-Doctorate,Mixed,Professions-focused,Medium,Highly residential,Doctorate,Classified,Not Classified
133669,Florida Atlantic University,Boca Raton,Florida,Public,Mixed Undergraduate/Graduate-Doctorate Large,"Opportunity Colleges and Universities-Higher Access, Higher Earnings",Research 1: Very High Research Spending and Doctorate Production,Undergraduate/Graduate-Doctorate,Mixed,Professions-focused,Large,Residential,Doctorate,Classified,Not Classified
133951,Florida International University,Miami,Florida,Public,Mixed Undergraduate/Graduate-Doctorate Large,"Opportunity Colleges and Universities-Higher Access, Higher Earnings",Research 1: Very High Research Spending and Doctorate Production,Undergraduate/Graduate-Doctorate,Mixed,Professions-focused,Very Large,Primarily non-residential,Doctorate,Classified,Classified
134097,Florida State University,Tallahassee,Florida,Public,Mixed Undergraduate/Graduate-Doctorate Large,"Lower Access, Higher Earnings",Research 1: Very High Research Spending and Doctorate Production,Undergraduate/Graduate-Doctorate,Mixed,Professions-focused,Very Large,Residential,Doctorate,Classified,Not Classified
232186,George Mason University,Fairfax,Virginia,Public,Mixed Undergraduate/Graduate-Doctorate Large,"Opportunity Colleges and Universities-Higher Access, Higher Earnings",Research 1: Very High Research Spending and Doctorate Production,Undergraduate/Graduate-Doctorate,Mixed,Professions-focused,Very Large,Residential,Doctorate,Not Classified,Not Classified
131469,George Washington University,Washington,District of Columbia,Private not-for-profit,Mixed Undergraduate/Graduate-Doctorate Large,"Lower Access, Higher Earnings",Research 1: Very High Research Spending and Doctorate Production,Undergraduate/Graduate-Doctorate,Mixed,Professions-focused,Large,Highly residential,Doctorate,Classified,Not Classified
131496,Georgetown University,Washington,District of Columbia,Private not-for-profit,Mixed Undergraduate/Graduate-Doctorate Large,"Lower Access, Higher Earnings",Research 1: Very High Research Spending and Doctorate Production,Undergraduate/Graduate-Doctorate,Mixed,Professions-focused,Large,Highly residential,Doctorate,Not Classified,Not Classified
139755,Georgia Institute of Technology-Main Campus,Atlanta,Georgia,Public,"Special Focus: Technology, Engineering, and Sciences","Lower Access, Higher Earnings",Research 1: Very High Research Spending and Doctorate Production,Undergraduate/Graduate-Doctorate,"Special Focus: Technology, Engineering, and Sciences","Special Focus: Technology, Engineering, and Sciences",Very Large,Primarily residential,Doctorate,Not Classified,Not Classified
139940,Georgia State University,Atlanta,Georgia,Public,Mixed Undergraduate/Graduate-Doctorate Large,"Higher Access, Medium Earnings",Research 1: Very High Research Spending and Doctorate Production,Undergraduate/Graduate-Doctorate,Mixed,Professions-focused,Very Large,Residential,Doctorate,Not Classified,Not Classified
166027,Harvard University,Cambridge,Massachusetts,Private not-for-profit,Mixed Undergraduate/Graduate-Doctorate Large,"Lower Access, Higher Earnings",Research 1: Very High Research Spending and Doctorate Production,Undergraduate/Graduate-Doctorate,Mixed,Professions-focused,Large,Highly residential,Doctorate,Not Classified,Not Classified
131520,Howard University,Washington,District of Columbia,Private not-for-profit,Mixed Undergraduate/Graduate-Doctorate Medium,"Opportunity Colleges and Universities-Higher Access, Higher Earnings",Research 1: Very High Research Spending and Doctorate Production,Undergraduate/Graduate-Doctorate,Mixed,Professions-focused,Medium,Highly residential,Doctorate,Not Classified,Not Classified
151351,Indiana University-Bloomington,Bloomington,Indiana,Public,Professions-focused Undergraduate/Graduate-Doctorate Large,"Lower Access, Higher Earnings",Research 1: Very High Research Spending and Doctorate Production,Undergraduate/Graduate-Doctorate,Professions-focused,Professions-focused,Very Large,Primarily residential,Doctorate,Classified,Not Classified
151111,Indiana University-Purdue University-Indianapolis,Indianapolis,Indiana,Public,Professions-focused Undergraduate/Graduate-Doctorate Large,"Higher Access, Medium Earnings",Research 1: Very High Research Spending and Doctorate Production,Undergraduate/Graduate-Doctorate,Professions-focused,Professions-focused,Large,Residential,Doctorate,Classified,Not Classified
153603,Iowa State University,Ames,Iowa,Public,Mixed Undergraduate/Graduate-Doctorate Large,"Lower Access, Medium Earnings",Research 1: Very High Research Spending and Doctorate Production,Undergraduate/Graduate-Doctorate,Mixed,Mixed,Large,Primarily residential,Doctorate,Not Classified,Not Classified
162928,Johns Hopkins University,Baltimore,Maryland,Private not-for-profit,Mixed Undergraduate/Graduate-Doctorate Large,"Lower Access, Higher Earnings",Research 1: Very High Research Spending and Doctorate Production,Undergraduate/Graduate-Doctorate,Mixed,Mixed,Large,Primarily residential,Doctorate,Not Classified,Not Classified
155399,Kansas State University,Manhattan,Kansas,Public,Professions-focused Undergraduate/Graduate-Doctorate Large,"Lower Access, Medium Earnings",Research 1: Very High Research Spending and Doctorate Production,Undergraduate/Graduate-Doctorate,Professions-focused,Professions-focused,Large,Primarily residential,Doctorate,Classified,Not Classified
203517,Kent State University at Kent,Kent,Ohio,Public,Professions-focused Undergraduate/Graduate-Doctorate Large,"Higher Access, Medium Earnings",Research 1: Very High Research Spending and Doctorate Production,Undergraduate/Graduate-Doctorate,Professions-focused,Professions-focused,Large,Primarily residential,Doctorate,Not Classified,Not Classified
213543,Lehigh University,Bethlehem,Pennsylvania,Private not-for-profit,Mixed Undergraduate/Graduate-Doctorate Medium,"Lower Access, Higher Earnings",Research 1: Very High Research Spending and Doctorate Production,Undergraduate/Graduate-Doctorate,Mixed,Mixed,Medium,Highly residential,Doctorate,Not Classified,Not Classified
159391,Louisiana State University and Agricultural & Mechanical College,Baton Rouge,Louisiana,Public,Mixed Undergraduate/Graduate-Doctorate Large,"Lower Access, Higher Earnings",Research 1: Very High Research Spending and Doctorate Production,Undergraduate/Graduate-Doctorate,Mixed,Professions-focused,Large,Primarily residential,Doctorate,Classified,Not Classified
146719,Loyola University Chicago,Chicago,Illinois,Private not-for-profit,Mixed Undergraduate/Graduate-Doctorate Medium,"Lower Access, Higher Earnings",Research 1: Very High Research Spending and Doctorate Production,Undergraduate/Graduate-Doctorate,Mixed,Professions-focused,Medium,Primarily residential,Doctorate,Classified,Not Classified
166683,Massachusetts Institute of Technology,Cambridge,Massachusetts,Private not-for-profit,"Special Focus: Technology, Engineering, and Sciences","Lower Access, Higher Earnings",Research 1: Very High Research Spending and Doctorate Production,Undergraduate/Graduate-Doctorate,"Special Focus: Technology, Engineering, and Sciences","Special Focus: Technology, Engineering, and Sciences",Medium,Highly residential,Doctorate,Not Classified,Not Classified
218335,Medical University of South Carolina,Charleston,South Carolina,Public,Special Focus: Medical Schools and Centers,Not Classified,Research 1: Very High Research Spending and Doctorate Production,Undergraduate/Graduate-Doctorate,Special Focus: Medical Schools and Centers,Special Focus: Medical Schools and Centers,Small,Graduate-focused,Doctorate,Not Classified,Not Classified
171100,Michigan State University,East Lansing,Michigan,Public,Mixed Undergraduate/Graduate-Doctorate Large,"Lower Access, Higher Earnings",Research 1: Very High Research Spending and Doctorate Production,Undergraduate/Graduate-Doctorate,Mixed,Professions-focused,Very Large,Primarily residential,Doctorate,Classified,Not Classified
171128,Michigan Technological University,Houghton,Michigan,Public,"Special Focus: Technology, Engineering, and Sciences","Lower Access, Higher Earnings",Research 1: Very High Research Spending and Doctorate Production,Undergraduate/Graduate-Doctorate,"Special Focus: Technology, Engineering, and Sciences","Special Focus: Technology, Engineering, and Sciences",Medium,Highly residential,Doctorate,Not Classified,Not Classified
176080,Mississippi State University,Mississippi State,Mississippi,Public,Mixed Undergraduate/Graduate-Doctorate Large,"Lower Access, Medium Earnings",Research 1: Very High Research Spending and Doctorate Production,Undergraduate/Graduate-Doctorate,Mixed,Professions-focused,Large,Primarily residential,Doctorate,Classified,Not Classified
178411,Missouri University of Science and Technology,Rolla,Missouri,Public,"Special Focus: Technology, Engineering, and Sciences","Lower Access, Higher Earnings",Research 1: Very High Research Spending and Doctorate Production,Undergraduate/Graduate-Doctorate,"Special Focus: Technology, Engineering, and Sciences","Special Focus: Technology, Engineering, and Sciences",Medium,Primarily residential,Doctorate,Not Classified,Not Classified
180461,Montana State University,Bozeman,Montana,Public,Mixed Undergraduate/Graduate-Doctorate Medium,"Lower Access, Medium Earnings",Research 1: Very High Research Spending and Doctorate Production,Undergraduate/Graduate-Doctorate,Mixed,Professions-focused,Medium,Primarily residential,Doctorate,Classified,Not Classified
185828,New Jersey Institute of Technology,Newark,New Jersey,Public,"Special Focus: Technology, Engineering, and Sciences","Opportunity Colleges and Universities-Higher Access, Higher Earnings",Research 1: Very High Research Spending and Doctorate Production,Undergraduate/Graduate-Doctorate,"Special Focus: Technology, Engineering, and Sciences","Special Focus: Technology, Engineering, and Sciences",Medium,Primarily residential,Doctorate,Not Classified,Not Classified
188030,New Mexico State University-Main Campus,Las Cruces,New Mexico,Public,Mixed Undergraduate/Graduate-Doctorate Medium,"Higher Access, Medium Earnings",Research 1: Very High Research Spending and Doctorate Production,Undergraduate/Graduate-Doctorate,Mixed,Professions-focused,Medium,Primarily residential,Doctorate,Classified,Not Classified
193900,New York University,New York,New York,Private not-for-profit,Mixed Undergraduate/Graduate-Doctorate Large,"Lower Access, Higher Earnings",Research 1: Very High Research Spending and Doctorate Production,Undergraduate/Graduate-Doctorate,Mixed,Professions-focused,Very Large,Primarily residential,Doctorate,Classified,Not Classified
199193,North Carolina State University at Raleigh,Raleigh,North Carolina,Public,Mixed Undergraduate/Graduate-Doctorate Large,"Lower Access, Higher Earnings",Research 1: Very High Research Spending and Doctorate Production,Undergraduate/Graduate-Doctorate,Mixed,Mixed,Very Large,Primarily residential,Doctorate,Classified,Not Classified
200332,North Dakota State University-Main Campus,Fargo,North Dakota,Public,Mixed Undergraduate/Graduate-Doctorate Medium,"Lower Access, Medium Earnings",Research 1: Very High Research Spending and Doctorate Production,Undergraduate/Graduate-Doctorate,Mixed,Professions-focused,Medium,Highly residential,Doctorate,Not Classified,Not Classified
167358,Northeastern University,Boston,Massachusetts,Private not-for-profit,Mixed Undergraduate/Graduate-Doctorate Large,"Lower Access, Higher Earnings",Research 1: Very High Research Spending and Doctorate Production,Undergraduate/Graduate-Doctorate,Mixed,"Special Focus: Technology, Engineering, and Sciences",Large,Highly residential,Doctorate,Classified,Not Classified
105330,Northern Arizona University,Flagstaff,Arizona,Public,Professions-focused Undergraduate/Graduate-Doctorate Large,"Lower Access, Higher Earnings",Research 1: Very High Research Spending and Doctorate Production,Undergraduate/Graduate-Doctorate,Professions-focused,Professions-focused,Large,Primarily residential,Doctorate,Not Classified,Not Classified
147767,Northwestern University,Evanston,Illinois,Private not-for-profit,Mixed Undergraduate/Graduate-Doctorate Large,"Lower Access, Higher Earnings",Research 1: Very High Research Spending and Doctorate Production,Undergraduate/Graduate-Doctorate,Mixed,Professions-focused,Large,Primarily residential,Doctorate,Not Classified,Not Classified
136215,Nova Southeastern University,Fort Lauderdale,Florida,Private not-for-profit,Professions-focused Undergraduate/Graduate-Doctorate Large,"Opportunity Colleges and Universities-Higher Access, Higher Earnings",Research 1: Very High Research Spending and Doctorate Production,Undergraduate/Graduate-Doctorate,Professions-focused,Professions-focused,Large,Primarily residential,Doctorate,Classified,Not Classified
204796,Ohio State University-Main Campus,Columbus,Ohio,Public,Mixed Undergraduate/Graduate-Doctorate Large,"Lower Access, Higher Earnings",Research 1: Very High Research Spending and Doctorate Production,Undergraduate/Graduate-Doctorate,Mixed,Professions-focused,Very Large,Primarily residential,Doctorate,Classified,Not Classified
204857,Ohio University-Main Campus,Athens,Ohio,Public,Professions-focused Undergraduate/Graduate-Doctorate Large,"Opportunity Colleges and Universities-Higher Access, Higher Earnings",Research 1: Very High Research Spending and Doctorate Production,Undergraduate/Graduate-Doctorate,Professions-focused,Professions-focused,Large,Residential,Doctorate,Classified,Not Classified
207388,Oklahoma State University-Main Campus,Stillwater,Oklahoma,Public,Professions-focused Undergraduate/Graduate-Doctorate Large,"Lower Access, Higher Earnings",Research 1: Very High Research Spending and Doctorate Production,Undergraduate/Graduate-Doctorate,Professions-focused,Professions-focused,Large,Primarily residential,Doctorate,Not Classified,Classified
232982,Old Dominion University,Norfolk,Virginia,Public,Mixed Undergraduate/Graduate-Doctorate Large,"Higher Access, Medium Earnings",Research 1: Very High Research Spending and Doctorate Production,Undergraduate/Graduate-Doctorate,Mixed,Professions-focused,Large,Residential,Doctorate,Classified,Not Classified
209542,Oregon State University,Corvallis,Oregon,Public,Mixed Undergraduate/Graduate-Doctorate Large,"Lower Access, Higher Earnings",Research 1: Very High Research Spending and Doctorate Production,Undergraduate/Graduate-Doctorate,Mixed,Mixed,Large,Residential,Doctorate,Classified,Not Classified
214777,Pennsylvania State University-Main Campus,University Park,Pennsylvania,Public,Mixed Undergraduate/Graduate-Doctorate Large,"Lower Access, Medium Earnings",Research 1: Very High Research Spending and Doctorate Production,Undergraduate/Graduate-Doctorate,Mixed,Professions-focused,Very Large,Primarily residential,Doctorate,Classified,Not Classified
186131,Princeton University,Princeton,New Jersey,Private not-for-profit,Mixed Undergraduate/Graduate-Doctorate Medium,"Lower Access, Higher Earnings",Research 1: Very High Research Spending and Doctorate Production,Undergraduate/Graduate-Doctorate,Mixed,Mixed,Medium,Highly residential,Doctorate,Not Classified,Not Classified
243780,Purdue University-Main Campus,West Lafayette,Indiana,Public,Mixed Undergraduate/Graduate-Doctorate Large,"Lower Access, Higher Earnings",Research 1: Very High Research Spending and Doctorate Production,Undergraduate/Graduate-Doctorate,Mixed,Mixed,Very Large,Primarily residential,Doctorate,Classified,Not Classified
194824,Rensselaer Polytechnic Institute,Troy,New York,Private not-for-profit,"Special Focus: Technology, Engineering, and Sciences","Lower Access, Higher Earnings",Research 1: Very High Research Spending and Doctorate Production,Undergraduate/Graduate-Doctorate,"Special Focus: Technology, Engineering, and Sciences","Special Focus: Technology, Engineering, and Sciences",Medium,Highly residential,Doctorate,Not Classified,Not Classified
227757,Rice University,Houston,Texas,Private not-for-profit,Mixed Undergraduate/Graduate-Doctorate Medium,"Lower Access, Higher Earnings",Research 1: Very High Research Spending and Doctorate Production,Undergraduate/Graduate-Doctorate,Mixed,Mixed,Medium,Highly residential,Doctorate,Not Classified,Classified
186380,Rutgers University-New Brunswick,New Brunswick,New Jersey,Public,Mixed Undergraduate/Graduate-Doctorate Large,"Lower Access, Medium Earnings",Research 1: Very High Research Spending and Doctorate Production,Undergraduate/Graduate-Doctorate,Mixed,Professions-focused,Very Large,Primarily residential,Doctorate,Classified,Not Classified
179159,Saint Louis University,Saint Louis,Missouri,Private not-for-profit,Professions-focused Undergraduate/Graduate-Doctorate Medium,"Lower Access, Higher Earnings",Research 1: Very High Research Spending and Doctorate Production,Undergraduate/Graduate-Doctorate,Professions-focused,Professions-focused,Medium,Highly residential,Doctorate,Classified,Not Classified
122409,San Diego State University,San Diego,California,Public,Mixed Undergraduate/Graduate-Doctorate Large,"Opportunity Colleges and Universities-Higher Access, Higher Earnings",Research 1: Very High Research Spending and Doctorate Production,Undergraduate/Graduate-Doctorate,Mixed,Professions-focused,Large,Residential,Doctorate,Classified,Not Classified
149222,Southern Illinois University-Carbondale,Carbondale,Illinois,Public,Professions-focused Undergraduate/Graduate-Doctorate Medium,"Opportunity Colleges and Universities-Higher Access, Higher Earnings",Research 1: Very High Research Spending and Doctorate Production,Undergraduate/Graduate-Doctorate,Professions-focused,Professions-focused,Medium,Highly residential,Doctorate,Not Classified,Not Classified
228246,Southern Methodist University,Dallas,Texas,Private not-for-profit,Mixed Undergraduate/Graduate-Doctorate Medium,"Lower Access, Higher Earnings",Research 1: Very High Research Spending and Doctorate Production,Undergraduate/Graduate-Doctorate,Mixed,Professions-focused,Medium,Primarily residential,Doctorate,Classified,Not Classified
243744,Stanford University,Stanford,California,Private not-for-profit,Mixed Undergraduate/Graduate-Doctorate Large,"Lower Access, Higher Earnings",Research 1: Very High Research Spending and Doctorate Production,Undergraduate/Graduate-Doctorate,Mixed,Mixed,Large,Highly residential,Doctorate,Not Classified,Not Classified
196097,Stony Brook University,Stony Brook,New York,Public,Mixed Undergraduate/Graduate-Doctorate Large,"Opportunity Colleges and Universities-Higher Access, Higher Earnings",Research 1: Very High Research Spending and Doctorate Production,Undergraduate/Graduate-Doctorate,Mixed,Professions-focused,Large,Highly residential,Doctorate,Not Classified,Not Classified
196413,Syracuse University,Syracuse,New York,Private not-for-profit,Mixed Undergraduate/Graduate-Doctorate Large,"Lower Access, Higher Earnings",Research 1: Very High Research Spending and Doctorate Production,Undergraduate/Graduate-Doctorate,Mixed,Professions-focused,Large,Highly residential,Doctorate,Not Classified,Not Classified
216339,Temple University,Philadelphia,Pennsylvania,Public,Professions-focused Undergraduate/Graduate-Doctorate Large,"Opportunity Colleges and Universities-Higher Access, Higher Earnings",Research 1: Very High Research Spending and Doctorate Production,Undergraduate/Graduate-Doctorate,Professions-focused,Professions-focused,Large,Residential,Doctorate,Not Classified,Not Classified
228723,Texas A&M University-College Station,College Station,Texas,Public,Mixed Undergraduate/Graduate-Doctorate Large,"Lower Access, Higher Earnings",Research 1: Very High Research Spending and Doctorate Production,Undergraduate/Graduate-Doctorate,Mixed,Professions-focused,Very Large,Residential,Doctorate,Not Classified,Not Classified
229115,Texas Tech University,Lubbock,Texas,Public,Mixed Undergraduate/Graduate-Doctorate Large,"Lower Access, Higher Earnings",Research 1: Very High Research Spending and Doctorate Production,Undergraduate/Graduate-Doctorate,Mixed,Professions-focused,Very Large,Residential,Doctorate,Not Classified,Not Classified
131283,The Catholic University of America,Washington,District of Columbia,Private not-for-profit,Mixed Undergraduate/Graduate-Doctorate Medium,"Lower Access, Higher Earnings",Research 1: Very High Research Spending and Doctorate Production,Undergraduate/Graduate-Doctorate,Mixed,Professions-focused,Medium,Highly residential,Doctorate,Not Classified,Not Classified
100751,The University of Alabama,Tuscaloosa,Alabama,Public,Professions-focused Undergraduate/Graduate-Doctorate Large,"Lower Access, Higher Earnings",Research 1: Very High Research Spending and Doctorate Production,Undergraduate/Graduate-Doctorate,Professions-focused,Professions-focused,Very Large,Primarily residential,Doctorate,Classified,Not Classified
180489,The University of Montana,Missoula,Montana,Public,Mixed Undergraduate/Graduate-Doctorate Medium,"Higher Access, Medium Earnings",Research 1: Very High Research Spending and Doctorate Production,Undergraduate/Graduate-Doctorate,Mixed,Professions-focused,Medium,Residential,Doctorate,Classified,Not Classified
487010,The University of Tennessee Health Science Center,Memphis,Tennessee,Public,Special Focus: Medical Schools and Centers,Not Classified,Research 1: Very High Research Spending and Doctorate Production,Undergraduate/Graduate-Doctorate,Special Focus: Medical Schools and Centers,Special Focus: Medical Schools and Centers,Small,Graduate-focused,Doctorate,Not Classified,Not Classified
221759,The University of Tennessee-Knoxville,Knoxville,Tennessee,Public,Mixed Undergraduate/Graduate-Doctorate Large,"Lower Access, Higher Earnings",Research 1: Very High Research Spending and Doctorate Production,Undergraduate/Graduate-Doctorate,Mixed,Professions-focused,Large,Primarily residential,Doctorate,Classified,Not Classified
228769,The University of Texas at Arlington,Arlington,Texas,Public,Professions-focused Undergraduate/Graduate-Doctorate Large,"Opportunity Colleges and Universities-Higher Access, Higher Earnings",Research 1: Very High Research Spending and Doctorate Production,Undergraduate/Graduate-Doctorate,Professions-focused,Professions-focused,Very Large,Residential,Doctorate,Classified,Not Classified
228778,The University of Texas at Austin,Austin,Texas,Public,Mixed Undergraduate/Graduate-Doctorate Large,"Lower Access, Higher Earnings",Research 1: Very High Research Spending and Doctorate Production,Undergraduate/Graduate-Doctorate,Mixed,Professions-focused,Very Large,Residential,Doctorate,Not Classified,Not Classified
228787,The University of Texas at Dallas,Richardson,Texas,Public,Mixed Undergraduate/Graduate-Doctorate Large,"Lower Access, Higher Earnings",Research 1: Very High Research Spending and Doctorate Production,Undergraduate/Graduate-Doctorate,Mixed,Mixed,Large,Residential,Doctorate,Not Classified,Not Classified
228796,The University of Texas at El Paso,El Paso,Texas,Public,Mixed Undergraduate/Graduate-Doctorate Large,"Opportunity Colleges and Universities-Higher Access, Higher Earnings",Research 1: Very High Research Spending and Doctorate Production,Undergraduate/Graduate-Doctorate,Mixed,Professions-focused,Large,Primarily non-residential,Doctorate,Classified,Not Classified
229027,The University of Texas at San Antonio,San Antonio,Texas,Public,Mixed Undergraduate/Graduate-Doctorate Large,"Opportunity Colleges and Universities-Higher Access, Higher Earnings",Research 1: Very High Research Spending and Doctorate Production,Undergraduate/Graduate-Doctorate,Mixed,Professions-focused,Large,Residential,Doctorate,Classified,Not Classified
229300,The University of Texas Health Science Center at Houston,Houston,Texas,Public,Special Focus: Medical Schools and Centers,Not Classified,Research 1: Very High Research Spending and Doctorate Production,Undergraduate/Graduate-Doctorate,Special Focus: Medical Schools and Centers,Special Focus: Medical Schools and Centers,Medium,Graduate-focused,Doctorate,Not Classified,Not Classified
228644,The University of Texas Health Science Center at San Antonio,San Antonio,Texas,Public,Special Focus: Medical Schools and Centers,Not Classified,Research 1: Very High Research Spending and Doctorate Production,Undergraduate/Graduate-Doctorate,Special Focus: Medical Schools and Centers,Special Focus: Medical Schools and Centers,Medium,Graduate-focused,Doctorate,Not Classified,Not Classified
168148,Tufts University,Medford,Massachusetts,Private not-for-profit,Mixed Undergraduate/Graduate-Doctorate Medium,"Lower Access, Higher Earnings",Research 1: Very High Research Spending and Doctorate Production,Undergraduate/Graduate-Doctorate,Mixed,Mixed,Medium,Highly residential,Doctorate,Classified,Not Classified
160755,Tulane University of Louisiana,New Orleans,Louisiana,Private not-for-profit,Mixed Undergraduate/Graduate-Doctorate Medium,"Lower Access, Medium Earnings",Research 1: Very High Research Spending and Doctorate Production,Undergraduate/Graduate-Doctorate,Mixed,Professions-focused,Medium,Primarily residential,Doctorate,Classified,Not Classified
196060,University at Albany,Albany,New York,Public,Mixed Undergraduate/Graduate-Doctorate Medium,"Higher Access, Medium Earnings",Research 1: Very High Research Spending and Doctorate Production,Undergraduate/Graduate-Doctorate,Mixed,Professions-focused,Medium,Highly residential,Doctorate,Not Classified,Not Classified
196088,University at Buffalo,Buffalo,New York,Public,Mixed Undergraduate/Graduate-Doctorate Large,"Lower Access, Medium Earnings",Research 1: Very High Research Spending and Doctorate Production,Undergraduate/Graduate-Doctorate,Mixed,Professions-focused,Large,Primarily residential,Doctorate,Not Classified,Not Classified
100663,University of Alabama at Birmingham,Birmingham,Alabama,Public,Professions-focused Undergraduate/Graduate-Doctorate Large,"Higher Access, Medium Earnings",Research 1: Very High Research Spending and Doctorate Production,Undergraduate/Graduate-Doctorate,Professions-focused,Special Focus: Medical Schools and Centers,Large,Residential,Doctorate,Classified,Not Classified
104179,University of Arizona,Tucson,Arizona,Public,Mixed Undergraduate/Graduate-Doctorate Large,"Lower Access, Medium Earnings",Research 1: Very High Research Spending and Doctorate Production,Undergraduate/Graduate-Doctorate,Mixed,Professions-focused,Very Large,Residential,Doctorate,Not Classified,Not Classified
106397,University of Arkansas,Fayetteville,Arkansas,Public,Professions-focused Undergraduate/Graduate-Doctorate Large,"Lower Access, Higher Earnings",Research 1: Very High Research Spending and Doctorate Production,Undergraduate/Graduate-Doctorate,Professions-focused,Professions-focused,Large,Residential,Doctorate,Not Classified,Not Classified
110635,University of California-Berkeley,Berkeley,California,Public,Mixed Undergraduate/Graduate-Doctorate Large,"Lower Access, Higher Earnings",Research 1: Very High Research Spending and Doctorate Production,Undergraduate/Graduate-Doctorate,Mixed,Mixed,Very Large,Primarily residential,Doctorate,Not Classified,Not Classified
110644,University of California-Davis,Davis,California,Public,Mixed Undergraduate/Graduate-Doctorate Large,"Lower Access, Higher Earnings",Research 1: Very High Research Spending and Doctorate Production,Undergraduate/Graduate-Doctorate,Mixed,Professions-focused,Very Large,Primarily residential,Doctorate,Classified,Not Classified
110653,University of California-Irvine,Irvine,California,Public,Mixed Undergraduate/Graduate-Doctorate Large,"Opportunity Colleges and Universities-Higher Access, Higher Earnings",Research 1: Very High Research Spending and Doctorate Production,Undergraduate/Graduate-Doctorate,Mixed,Mixed,Large,Highly residential,Doctorate,Not Classified,Not Classified
110662,University of California-Los Angeles,Los Angeles,California,Public,Mixed Undergraduate/Graduate-Doctorate Large,"Lower Access, Higher Earnings",Research 1: Very High Research Spending and Doctorate Production,Undergraduate/Graduate-Doctorate,Mixed,Professions-focused,Very Large,Highly residential,Doctorate,Classified,Not Classified
445188,University of California-Merced,Merced,California,Public,Mixed Baccalaureate,"Opportunity Colleges and Universities-Higher Access, Higher Earnings",Research 1: Very High Research Spending and Doctorate Production,Baccalaureate,Mixed,Mixed,Medium,Primarily residential,Doctorate,Classified,Not Classified
110671,University of California-Riverside,Riverside,California,Public,Mixed Undergraduate/Graduate-Doctorate Large,"Higher Access, Medium Earnings",Research 1: Very High Research Spending and Doctorate Production,Undergraduate/Graduate-Doctorate,Mixed,Mixed,Large,Primarily residential,Doctorate,Classified,Not Classified
110680,University of California-San Diego,La Jolla,California,Public,Mixed Undergraduate/Graduate-Doctorate Large,"Lower Access, Higher Earnings",Research 1: Very High Research Spending and Doctorate Production,Undergraduate/Graduate-Doctorate,Mixed,"Special Focus: Technology, Engineering, and Sciences",Very Large,Highly residential,Doctorate,Not Classified,Not Classified
110699,University of California-San Francisco,San Francisco,California,Public,Special Focus: Medical Schools and Centers,Not Classified,Research 1: Very High Research Spending and Doctorate Production,Graduate-focused,Special Focus: Medical Schools and Centers,Special Focus: Medical Schools and Centers,Small,Graduate-focused,Doctorate,Not Classified,Not Classified
110705,University of California-Santa Barbara,Santa Barbara,California,Public,Mixed Undergraduate/Graduate-Doctorate Large,"Lower Access, Higher Earnings",Research 1: Very High Research Spending and Doctorate Production,Undergraduate/Graduate-Doctorate,Mixed,Mixed,Large,Primarily residential,Doctorate,Not Classified,Not Classified
110714,University of California-Santa Cruz,Santa Cruz,California,Public,Mixed Undergraduate/Graduate-Doctorate Large,"Lower Access, Medium Earnings",Research 1: Very High Research Spending and Doctorate Production,Undergraduate/Graduate-Doctorate,Mixed,Mixed,Large,Primarily residential,Doctorate,Not Classified,Not Classified
132903,University of Central Florida,Orlando,Florida,Public,Mixed Undergraduate/Graduate-Doctorate Large,"Opportunity Colleges and Universities-Higher Access, Higher Earnings",Research 1: Very High Research Spending and Doctorate Production,Undergraduate/Graduate-Doctorate,Mixed,Professions-focused,Very Large,Residential,Doctorate,Classified,Not Classified
144050,University of Chicago,Chicago,Illinois,Private not-for-profit,Mixed Undergraduate/Graduate-Doctorate Large,"Lower Access, Higher Earnings",Research 1: Very High Research Spending and Doctorate Production,Undergraduate/Graduate-Doctorate,Mixed,Mixed,Large,Highly residential,Doctorate,Not Classified,Not Classified
201885,University of Cincinnati-Main Campus,Cincinnati,Ohio,Public,Professions-focused Undergraduate/Graduate-Doctorate Large,"Lower Access, Medium Earnings",Research 1: Very High Research Spending and Doctorate Production,Undergraduate/Graduate-Doctorate,Professions-focused,Professions-focused,Very Large,Residential,Doctorate,Not Classified,Classified
126614,University of Colorado Boulder,Boulder,Colorado,Public,Mixed Undergraduate/Graduate-Doctorate Large,"Lower Access, Higher Earnings",Research 1: Very High Research Spending and Doctorate Production,Undergraduate/Graduate-Doctorate,Mixed,Mixed,Very Large,Residential,Doctorate,Classified,Not Classified
126562,University of Colorado Denver/Anschutz Medical Campus,Denver,Colorado,Public,Mixed Undergraduate/Graduate-Doctorate Large,"Higher Access, Medium Earnings",Research 1: Very High Research Spending and Doctorate Production,Undergraduate/Graduate-Doctorate,Mixed,Professions-focused,Large,Residential,Doctorate,Not Classified,Not Classified
129020,University of Connecticut,Storrs,Connecticut,Public,Mixed Undergraduate/Graduate-Doctorate Large,"Lower Access, Higher Earnings",Research 1: Very High Research Spending and Doctorate Production,Undergraduate/Graduate-Doctorate,Mixed,Professions-focused,Large,Highly residential,Doctorate,Classified,Not Classified
202480,University of Dayton,Dayton,Ohio,Private not-for-profit,Mixed Undergraduate/Graduate-Doctorate Medium,"Lower Access, Higher Earnings",Research 1: Very High Research Spending and Doctorate Production,Undergraduate/Graduate-Doctorate,Mixed,Professions-focused,Medium,Highly residential,Doctorate,Classified,Not Classified
130943,University of Delaware,Newark,Delaware,Public,Mixed Undergraduate/Graduate-Doctorate Large,"Lower Access, Higher Earnings",Research 1: Very High Research Spending and Doctorate Production,Undergraduate/Graduate-Doctorate,Mixed,Mixed,Large,Primarily residential,Doctorate,Classified,Not Classified
127060,University of Denver,Denver,Colorado,Private not-for-profit,Mixed Undergraduate/Graduate-Doctorate Medium,"Lower Access, Higher Earnings",Research 1: Very High Research Spending and Doctorate Production,Undergraduate/Graduate-Doctorate,Mixed,Professions-focused,Medium,Primarily residential,Doctorate,Classified,Not Classified
134130,University of Florida,Gainesville,Florida,Public,Mixed Undergraduate/Graduate-Doctorate Large,"Lower Access, Higher Earnings",Research 1: Very High Research Spending and Doctorate Production,Undergraduate/Graduate-Doctorate,Mixed,Professions-focused,Very Large,Primarily residential,Doctorate,Classified,Not Classified
139959,University of Georgia,Athens,Georgia,Public,Mixed Undergraduate/Graduate-Doctorate Large,"Lower Access, Higher Earnings",Research 1: Very High Research Spending and Doctorate Production,Undergraduate/Graduate-Doctorate,Mixed,Professions-focused,Very Large,Primarily residential,Doctorate,Classified,Not Classified
141574,University of Hawaii at Manoa,Honolulu,Hawaii,Public,Mixed Undergraduate/Graduate-Doctorate Large,"Higher Access, Medium Earnings",Research 1: Very High Research Spending and Doctorate Production,Undergraduate/Graduate-Doctorate,Mixed,Professions-focused,Large,Residential,Doctorate,Classified,Not Classified
225511,University of Houston,Houston,Texas,Public,Mixed Undergraduate/Graduate-Doctorate Large,"Opportunity Colleges and Universities-Higher Access, Higher Earnings",Research 1: Very High Research Spending and Doctorate Production,Undergraduate/Graduate-Doctorate,Mixed,Professions-focused,Very Large,Residential,Doctorate,Classified,Not Classified
142285,University of Idaho,Moscow,Idaho,Public,Mixed Undergraduate/Graduate-Doctorate Medium,"Higher Access, Medium Earnings",Research 1: Very High Research Spending and Doctorate Production,Undergraduate/Graduate-Doctorate,Mixed,Professions-focused,Medium,Primarily residential,Doctorate,Not Classified,Not Classified
145600,University of Illinois Chicago,Chicago,Illinois,Public,Mixed Undergraduate/Graduate-Doctorate Large,"Opportunity Colleges and Universities-Higher Access, Higher Earnings",Research 1: Very High Research Spending and Doctorate Production,Undergraduate/Graduate-Doctorate,Mixed,Professions-focused,Large,Residential,Doctorate,Not Classified,Not Classified
145637,University of Illinois Urbana-Champaign,Champaign,Illinois,Public,Mixed Undergraduate/Graduate-Doctorate Large,"Lower Access, Higher Earnings",Research 1: Very High Research Spending and Doctorate Production,Undergraduate/Graduate-Doctorate,Mixed,Professions-focused,Very Large,Primarily residential,Doctorate,Classified,Not Classified
153658,University of Iowa,Iowa City,Iowa,Public,Mixed Undergraduate/Graduate-Doctorate Large,"Lower Access, Medium Earnings",Research 1: Very High Research Spending and Doctorate Production,Undergraduate/Graduate-Doctorate,Mixed,Professions-focused,Large,Primarily residential,Doctorate,Classified,Not Classified
155317,University of Kansas,Lawrence,Kansas,Public,Mixed Undergraduate/Graduate-Doctorate Large,"Lower Access, Higher Earnings",Research 1: Very High Research Spending and Doctorate Production,Undergraduate/Graduate-Doctorate,Mixed,Professions-focused,Large,Primarily residential,Doctorate,Classified,Not Classified
157085,University of Kentucky,Lexington,Kentucky,Public,Professions-focused Undergraduate/Graduate-Doctorate Large,"Lower Access, Higher Earnings",Research 1: Very High Research Spending and Doctorate Production,Undergraduate/Graduate-Doctorate,Professions-focused,Professions-focused,Large,Primarily residential,Doctorate,Classified,Not Classified
160658,University of Louisiana at Lafayette,Lafayette,Louisiana,Public,Mixed Undergraduate/Graduate-Master's Large/Medium,"Higher Access, Medium Earnings",Research 1: Very High Research Spending and Doctorate Production,Undergraduate/Graduate-Master's,Mixed,Professions-focused,Medium,Primarily residential,Doctorate,Classified,Not Classified
157289,University of Louisville,Louisville,Kentucky,Public,Mixed Undergraduate/Graduate-Doctorate Large,"Opportunity Colleges and Universities-Higher Access, Higher Earnings",Research 1: Very High Research Spending and Doctorate Production,Undergraduate/Graduate-Doctorate,Mixed,Professions-focused,Large,Residential,Doctorate,Classified,Not Classified
161253,University of Maine,Orono,Maine,Public,Mixed Undergraduate/Graduate-Master's Large/Medium,"Lower Access, Medium Earnings",Research 1: Very High Research Spending and Doctorate Production,Undergraduate/Graduate-Master's,Mixed,Professions-focused,Medium,Primarily residential,Doctorate,Not Classified,Not Classified
163259,"University of Maryland, Baltimore",Baltimore,Maryland,Public,Special Focus: Medical Schools and Centers,Not Classified,Research 1: Very High Research Spending and Doctorate Production,Undergraduate/Graduate-Doctorate,Special Focus: Medical Schools and Centers,Special Focus: Medical Schools and Centers,Medium,Graduate-focused,Doctorate,Classified,Not Classified
163268,University of Maryland-Baltimore County,Baltimore,Maryland,Public,Mixed Undergraduate/Graduate-Doctorate Medium,"Higher Access, Medium Earnings",Research 1: Very High Research Spending and Doctorate Production,Undergraduate/Graduate-Doctorate,Mixed,Mixed,Medium,Primarily residential,Doctorate,Classified,Not Classified
163286,University of Maryland-College Park,College Park,Maryland,Public,Mixed Undergraduate/Graduate-Doctorate Large,"Lower Access, Higher Earnings",Research 1: Very High Research Spending and Doctorate Production,Undergraduate/Graduate-Doctorate,Mixed,Mixed,Very Large,Primarily residential,Doctorate,Classified,Not Classified
166629,University of Massachusetts-Amherst,Amherst,Massachusetts,Public,Mixed Undergraduate/Graduate-Doctorate Large,"Lower Access, Medium Earnings",Research 1: Very High Research Spending and Doctorate Production,Undergraduate/Graduate-Doctorate,Mixed,Professions-focused,Large,Highly residential,Doctorate,Classified,Not Classified
166638,University of Massachusetts-Boston,Boston,Massachusetts,Public,Mixed Undergraduate/Graduate-Doctorate Medium,"Higher Access, Medium Earnings",Research 1: Very High Research Spending and Doctorate Production,Undergraduate/Graduate-Doctorate,Mixed,Professions-focused,Medium,Primarily non-residential,Doctorate,Not Classified,Not Classified
166513,University of Massachusetts-Lowell,Lowell,Massachusetts,Public,Mixed Undergraduate/Graduate-Doctorate Large,"Higher Access, Medium Earnings",Research 1: Very High Research Spending and Doctorate Production,Undergraduate/Graduate-Doctorate,Mixed,Professions-focused,Large,Residential,Doctorate,Classified,Not Classified
220862,University of Memphis,Memphis,Tennessee,Public,Professions-focused Undergraduate/Graduate-Doctorate Large,"Higher Access, Medium Earnings",Research 1: Very High Research Spending and Doctorate Production,Undergraduate/Graduate-Doctorate,Professions-focused,Professions-focused,Large,Residential,Doctorate,Not Classified,Not Classified
135726,University of Miami,Coral Gables,Florida,Private not-for-profit,Mixed Undergraduate/Graduate-Doctorate Large,"Lower Access, Higher Earnings",Research 1: Very High Research Spending and Doctorate Production,Undergraduate/Graduate-Doctorate,Mixed,Professions-focused,Large,Primarily residential,Doctorate,Classified,Not Classified
170976,University of Michigan-Ann Arbor,Ann Arbor,Michigan,Public,Mixed Undergraduate/Graduate-Doctorate Large,"Lower Access, Higher Earnings",Research 1: Very High Research Spending and Doctorate Production,Undergraduate/Graduate-Doctorate,Mixed,Mixed,Very Large,Primarily residential,Doctorate,Not Classified,Not Classified
174066,University of Minnesota-Twin Cities,Minneapolis,Minnesota,Public,Mixed Undergraduate/Graduate-Doctorate Large,"Higher Access, Medium Earnings",Research 1: Very High Research Spending and Doctorate Production,Undergraduate/Graduate-Doctorate,Mixed,Professions-focused,Very Large,Residential,Doctorate,Classified,Not Classified
176017,University of Mississippi,University,Mississippi,Public,Professions-focused Undergraduate/Graduate-Doctorate Large,"Lower Access, Medium Earnings",Research 1: Very High Research Spending and Doctorate Production,Undergraduate/Graduate-Doctorate,Professions-focused,Professions-focused,Large,Primarily residential,Doctorate,Classified,Not Classified
178396,University of Missouri-Columbia,Columbia,Missouri,Public,Professions-focused Undergraduate/Graduate-Doctorate Large,"Lower Access, Higher Earnings",Research 1: Very High Research Spending and Doctorate Production,Undergraduate/Graduate-Doctorate,Professions-focused,Professions-focused,Large,Primarily residential,Doctorate,Not Classified,Not Classified
178402,University of Missouri-Kansas City,Kansas City,Missouri,Public,Mixed Undergraduate/Graduate-Doctorate Medium,"Higher Access, Medium Earnings",Research 1: Very High Research Spending and Doctorate Production,Undergraduate/Graduate-Doctorate,Mixed,Professions-focused,Medium,Residential,Doctorate,Not Classified,Not Classified
181428,University of Nebraska Medical Center,Omaha,Nebraska,Public,Special Focus: Medical Schools and Centers,Not Classified,Research 1: Very High Research Spending and Doctorate Production,Undergraduate/Graduate-Doctorate,Special Focus: Medical Schools and Centers,Special Focus: Medical Schools and Centers,Medium,Graduate-focused,Doctorate,Classified,Not Classified
181464,University of Nebraska-Lincoln,Lincoln,Nebraska,Public,Professions-focused Undergraduate/Graduate-Doctorate Large,"Lower Access, Medium Earnings",Research 1: Very High Research Spending and Doctorate Production,Undergraduate/Graduate-Doctorate,Professions-focused,Professions-focused,Large,Primarily residential,Doctorate,Classified,Not Classified
182281,University of Nevada-Las Vegas,Las Vegas,Nevada,Public,Mixed Undergraduate/Graduate-Doctorate Large,"Higher Access, Medium Earnings",Research 1: Very High Research Spending and Doctorate Production,Undergraduate/Graduate-Doctorate,Mixed,Professions-focused,Large,Primarily non-residential,Doctorate,Classified,Not Classified
182290,University of Nevada-Reno,Reno,Nevada,Public,Mixed Undergraduate/Graduate-Doctorate Large,"Lower Access, Medium Earnings",Research 1: Very High Research Spending and Doctorate Production,Undergraduate/Graduate-Doctorate,Mixed,Professions-focused,Large,Residential,Doctorate,Classified,Not Classified
183044,University of New Hampshire-Main Campus,Durham,New Hampshire,Public,Mixed Undergraduate/Graduate-Master's Large/Medium,"Lower Access, Medium Earnings",Research 1: Very High Research Spending and Doctorate Production,Undergraduate/Graduate-Master's,Mixed,Professions-focused,Medium,Highly residential,Doctorate,Classified,Not Classified
187985,University of New Mexico-Main Campus,Albuquerque,New Mexico,Public,Mixed Undergraduate/Graduate-Doctorate Large,"Higher Access, Medium Earnings",Research 1: Very High Research Spending and Doctorate Production,Undergraduate/Graduate-Doctorate,Mixed,Professions-focused,Large,Residential,Doctorate,Classified,Not Classified
199120,University of North Carolina at Chapel Hill,Chapel Hill,North Carolina,Public,Mixed Undergraduate/Graduate-Doctorate Large,"Lower Access, Higher Earnings",Research 1: Very High Research Spending and Doctorate Production,Undergraduate/Graduate-Doctorate,Mixed,Professions-focused,Large,Primarily residential,Doctorate,Not Classified,Not Classified
199139,University of North Carolina at Charlotte,Charlotte,North Carolina,Public,Mixed Undergraduate/Graduate-Doctorate Large,"Higher Access, Medium Earnings",Research 1: Very High Research Spending and Doctorate Production,Undergraduate/Graduate-Doctorate,Mixed,Professions-focused,Large,Residential,Doctorate,Classified,Not Classified
200280,University of North Dakota,Grand Forks,North Dakota,Public,Professions-focused Undergraduate/Graduate-Doctorate Medium,"Lower Access, Medium Earnings",Research 1: Very High Research Spending and Doctorate Production,Undergraduate/Graduate-Doctorate,Professions-focused,Professions-focused,Medium,Residential,Doctorate,Not Classified,Not Classified
227216,University of North Texas,Denton,Texas,Public,Mixed Undergraduate/Graduate-Doctorate Large,"Higher Access, Medium Earnings",Research 1: Very High Research Spending and Doctorate Production,Undergraduate/Graduate-Doctorate,Mixed,Professions-focused,Very Large,Residential,Doctorate,Not Classified,Not Classified
152080,University of Notre Dame,Notre Dame,Indiana,Private not-for-profit,Mixed Undergraduate/Graduate-Doctorate Medium,"Lower Access, Higher Earnings",Research 1: Very High Research Spending and Doctorate Production,Undergraduate/Graduate-Doctorate,Mixed,Professions-focused,Medium,Highly residential,Doctorate,Not Classified,Not Classified
207500,University of Oklahoma-Norman Campus,Norman,Oklahoma,Public,Mixed Undergraduate/Graduate-Doctorate Large,"Lower Access, Higher Earnings",Research 1: Very High Research Spending and Doctorate Production,Undergraduate/Graduate-Doctorate,Mixed,Professions-focused,Large,Primarily residential,Doctorate,Not Classified,Not Classified
209551,University of Oregon,Eugene,Oregon,Public,Mixed Undergraduate/Graduate-Doctorate Large,"Lower Access, Medium Earnings",Research 1: Very High Research Spending and Doctorate Production,Undergraduate/Graduate-Doctorate,Mixed,Professions-focused,Large,Primarily residential,Doctorate,Not Classified,Not Classified
215062,University of Pennsylvania,Philadelphia,Pennsylvania,Private not-for-profit,Mixed Undergraduate/Graduate-Doctorate Large,"Lower Access, Higher Earnings",Research 1: Very High Research Spending and Doctorate Production,Undergraduate/Graduate-Doctorate,Mixed,Professions-focused,Large,Highly residential,Doctorate,Classified,Not Classified
215293,University of Pittsburgh-Pittsburgh Campus,Pittsburgh,Pennsylvania,Public,Mixed Undergraduate/Graduate-Doctorate Large,"Lower Access, Higher Earnings",Research 1: Very High Research Spending and Doctorate Production,Undergraduate/Graduate-Doctorate,Mixed,Professions-focused,Large,Primarily residential,Doctorate,Classified,Not Classified
217484,University of Rhode Island,Kingston,Rhode Island,Public,Mixed Undergraduate/Graduate-Doctorate Large,"Lower Access, Higher Earnings",Research 1: Very High Research Spending and Doctorate Production,Undergraduate/Graduate-Doctorate,Mixed,Professions-focused,Large,Primarily residential,Doctorate,Not Classified,Not Classified
195030,University of Rochester,Rochester,New York,Private not-for-profit,Mixed Undergraduate/Graduate-Doctorate Medium,"Lower Access, Higher Earnings",Research 1: Very High Research Spending and Doctorate Production,Undergraduate/Graduate-Doctorate,Mixed,Professions-focused,Medium,Highly residential,Doctorate,Classified,Not Classified
218663,University of South Carolina-Columbia,Columbia,South Carolina,Public,Professions-focused Undergraduate/Graduate-Doctorate Large,"Lower Access, Higher Earnings",Research 1: Very High Research Spending and Doctorate Production,Undergraduate/Graduate-Doctorate,Professions-focused,Professions-focused,Large,Primarily residential,Doctorate,Classified,Not Classified
137351,University of South Florida,Tampa,Florida,Public,Mixed Undergraduate/Graduate-Doctorate Large,"Lower Access, Higher Earnings",Research 1: Very High Research Spending and Doctorate Production,Undergraduate/Graduate-Doctorate,Mixed,Professions-focused,Very Large,Residential,Doctorate,Classified,Not Classified
123961,University of Southern California,Los Angeles,California,Private not-for-profit,Mixed Undergraduate/Graduate-Doctorate Large,"Lower Access, Higher Earnings",Research 1: Very High Research Spending and Doctorate Production,Undergraduate/Graduate-Doctorate,Mixed,Professions-focused,Very Large,Primarily residential,Doctorate,Not Classified,Not Classified
176372,University of Southern Mississippi,Hattiesburg,Mississippi,Public,Professions-focused Undergraduate/Graduate-Doctorate Medium,"Higher Access, Medium Earnings",Research 1: Very High Research Spending and Doctorate Production,Undergraduate/Graduate-Doctorate,Professions-focused,Professions-focused,Medium,Residential,Doctorate,Classified,Not Classified
228635,University of Texas Southwestern Medical Center,Dallas,Texas,Public,Special Focus: Medical Schools and Centers,Not Classified,Research 1: Very High Research Spending and Doctorate Production,Graduate-focused,Special Focus: Medical Schools and Centers,Special Focus: Medical Schools and Centers,Small,Primarily online,Doctorate,Not Classified,Not Classified
206084,University of Toledo,Toledo,Ohio,Public,Professions-focused Undergraduate/Graduate-Doctorate Medium,"Lower Access, Medium Earnings",Research 1: Very High Research Spending and Doctorate Production,Undergraduate/Graduate-Doctorate,Professions-focused,Professions-focused,Medium,Residential,Doctorate,Not Classified,Not Classified
230764,University of Utah,Salt Lake City,Utah,Public,Mixed Undergraduate/Graduate-Doctorate Large,"Lower Access, Higher Earnings",Research 1: Very High Research Spending and Doctorate Production,Undergraduate/Graduate-Doctorate,Mixed,Professions-focused,Large,Residential,Doctorate,Classified,Not Classified
231174,University of Vermont,Burlington,Vermont,Public,Mixed Undergraduate/Graduate-Doctorate Medium,"Lower Access, Medium Earnings",Research 1: Very High Research Spending and Doctorate Production,Undergraduate/Graduate-Doctorate,Mixed,Professions-focused,Medium,Highly residential,Doctorate,Not Classified,Not Classified
234076,University of Virginia-Main Campus,Charlottesville,Virginia,Public,Mixed Undergraduate/Graduate-Doctorate Large,"Lower Access, Higher Earnings",Research 1: Very High Research Spending and Doctorate Production,Undergraduate/Graduate-Doctorate,Mixed,Professions-focused,Large,Primarily residential,Doctorate,Classified,Not Classified
236948,University of Washington-Seattle Campus,Seattle,Washington,Public,Mixed Undergraduate/Graduate-Doctorate Large,"Lower Access, Higher Earnings",Research 1: Very High Research Spending and Doctorate Production,Undergraduate/Graduate-Doctorate,Mixed,Professions-focused,Very Large,Primarily residential,Doctorate,Classified,Not Classified
240444,University of Wisconsin-Madison,Madison,Wisconsin,Public,Mixed Undergraduate/Graduate-Doctorate Large,"Lower Access, Higher Earnings",Research 1: Very High Research Spending and Doctorate Production,Undergraduate/Graduate-Doctorate,Mixed,Mixed,Very Large,Primarily residential,Doctorate,Classified,Not Classified
240453,University of Wisconsin-Milwaukee,Milwaukee,Wisconsin,Public,Mixed Undergraduate/Graduate-Doctorate Large,"Higher Access, Medium Earnings",Research 1: Very High Research Spending and Doctorate Production,Undergraduate/Graduate-Doctorate,Mixed,Professions-focused,Large,Residential,Doctorate,Classified,Not Classified
240727,University of Wyoming,Laramie,Wyoming,Public,Mixed Undergraduate/Graduate-Doctorate Medium,"Lower Access, Medium Earnings",Research 1: Very High Research Spending and Doctorate Production,Undergraduate/Graduate-Doctorate,Mixed,Professions-focused,Medium,Residential,Doctorate,Classified,Not Classified
230728,Utah State University,Logan,Utah,Public,Mixed Undergraduate/Graduate-Doctorate Large,"Lower Access, Medium Earnings",Research 1: Very High Research Spending and Doctorate Production,Undergraduate/Graduate-Doctorate,Mixed,Professions-focused,Large,Residential,Doctorate,Classified,Not Classified
221999,Vanderbilt University,Nashville,Tennessee,Private not-for-profit,Mixed Undergraduate/Graduate-Doctorate Medium,"Lower Access, Higher Earnings",Research 1: Very High Research Spending and Doctorate Production,Undergraduate/Graduate-Doctorate,Mixed,Professions-focused,Medium,Highly residential,Doctorate,Classified,Not Classified
234030,Virginia Commonwealth University,Richmond,Virginia,Public,Mixed Undergraduate/Graduate-Doctorate Large,"Higher Access, Medium Earnings",Research 1: Very High Research Spending and Doctorate Production,Undergraduate/Graduate-Doctorate,Mixed,Professions-focused,Large,Primarily residential,Doctorate,Classified,Not Classified
233921,Virginia Polytechnic Institute and State University,Blacksburg,Virginia,Public,Mixed Undergraduate/Graduate-Doctorate Large,"Lower Access, Higher Earnings",Research 1: Very High Research Spending and Doctorate Production,Undergraduate/Graduate-Doctorate,Mixed,Mixed,Large,Primarily residential,Doctorate,Classified,Not Classified
236939,Washington State University,Pullman,Washington,Public,Mixed Undergraduate/Graduate-Doctorate Large,"Higher Access, Medium Earnings",Research 1: Very High Research Spending and Doctorate Production,Undergraduate/Graduate-Doctorate,Mixed,Professions-focused,Large,Primarily residential,Doctorate,Classified,Not Classified
179867,Washington University in St Louis,Saint Louis,Missouri,Private not-for-profit,Mixed Undergraduate/Graduate-Doctorate Medium,"Lower Access, Higher Earnings",Research 1: Very High Research Spending and Doctorate Production,Undergraduate/Graduate-Doctorate,Mixed,Professions-focused,Medium,Highly residential,Doctorate,Not Classified,Not Classified
172644,Wayne State University,Detroit,Michigan,Public,Professions-focused Undergraduate/Graduate-Doctorate Large,"Higher Access, Medium Earnings",Research 1: Very High Research Spending and Doctorate Production,Undergraduate/Graduate-Doctorate,Professions-focused,Professions-focused,Large,Residential,Doctorate,Not Classified,Not Classified
190424,Weill Medical College of Cornell University,New York,New York,Private not-for-profit,Special Focus: Medical Schools and Centers,Not Classified,Research 1: Very High Research Spending and Doctorate Production,Graduate-focused,Special Focus: Medical Schools and Centers,Special Focus: Medical Schools and Centers,Small,Primarily online,Doctorate,Not Classified,Not Classified
238032,West Virginia University,Morgantown,West Virginia,Public,Mixed Undergraduate/Graduate-Doctorate Large,"Lower Access, Medium Earnings",Research 1: Very High Research Spending and Doctorate Production,Undergraduate/Graduate-Doctorate,Mixed,Professions-focused,Large,Primarily residential,Doctorate,Classified,Not Classified
231624,William & Mary,Williamsburg,Virginia,Public,Mixed Undergraduate/Graduate-Doctorate Medium,"Lower Access, Higher Earnings",Research 1: Very High Research Spending and Doctorate Production,Undergraduate/Graduate-Doctorate,Mixed,Professions-focused,Medium,Highly residential,Doctorate,Not Classified,Not Classified
168421,Worcester Polytechnic Institute,Worcester,Massachusetts,Private not-for-profit,"Special Focus: Technology, Engineering, and Sciences","Lower Access, Higher Earnings",Research 1: Very High Research Spending and Doctorate Production,Undergraduate/Graduate-Doctorate,"Special Focus: Technology, Engineering, and Sciences","Special Focus: Technology, Engineering, and Sciences",Medium,Primarily residential,Doctorate,Not Classified,Not Classified
130794,Yale University,New Haven,Connecticut,Private not-for-profit,Mixed Undergraduate/Graduate-Doctorate Medium,"Lower Access, Higher Earnings",Research 1: Very High Research Spending and Doctorate Production,Undergraduate/Graduate-Doctorate,Mixed,Mixed,Medium,Highly residential,Doctorate,Not Classified,Not Classified
